16,http://static.adzrk.net/Advertisers/fd26fdac819a430ba2480ab71c260ad1.png
14,http://static.adzrk.net/Advertisers/b1186aef8d89476b800e4eed097e10e1.jpg
13,http://static.adzerk.net/Advertisers/4a9ee1f1f66e4ecab6554b6457e4f959.jpg
9,http://static.adzrk.net/Advertisers/d0b93e927956434a8b6edf311c45be01.jpg
8,http://static.adzrk.net/Advertisers/ecde890a527c4ff1a45c25ebdf9b8180.jpg
8,http://static.adzrk.net/Advertisers/5402828e876a418094a08d54061a0777.png
8,http://static.adzrk.net/Advertisers/8eec4c4d253340f89fe9d5119c6ecb31.jpg
5,http://static.adzrk.net/Advertisers/8571a099adaf4914ba24f86a92dff56e.jpg
5,https://d36aw3ue2ntmsq.cloudfront.net/Advertisers/83cff830d4b24c8d98aaf117482372a5.png
4,http://imgur.com/gallery/JI7RLHU
